<?xml version="1.0" encoding="UTF-8" standalone="yes"?>
<addon id="plugin.program.superboxbuildwizard" name="Superbox Build Wizard" version="1.0.0" provider-name="Adrian Syafiq">
  <requires>
    <import addon="xbmc.python" version="2.1.0"/>
  </requires>
  <extension point="xbmc.python.pluginsource" library="default.py">
        <provides>program executable</provides>
  </extension>
  <extension point="xbmc.addon.metadata">
    <summary lang="en">SuperboxBuild Wizard</summary>
    <description lang="en">##Credit To Adrian Syafiq for his support and friendship##
##Donation via Paypal - thesuperboxbuild@outlook.com##</description>
    <platform>all</platform>
  </extension>
</addon>
